{"relativeSlist": [[[0.0, 0.0, 0.0, 0.0, 0.0, 0.0, 0.0, 0.0, 0.0, 0.0, 0.0, 0.0], [0.0, -1.0, 0.0, -1.0, -1.0, 0.0, -0.8660254037844386, 0.5, 0.5, -0.8660254037844386, 0.5, -0.8660254037844386], [1.0, 0.0, 1.0, 0.0, 0.0, 1.0, -0.5, -0.8660254037844386, -0.8660254037844386, -0.5, -0.8660254037844386, -0.5], [0.0, -0.228, 0.183, -0.578, -1.028, 0.1865, -1.3996717362257345, 1.0732750854495205, 1.5232750854495205, -1.3961717362257349, 1.8732750854495204, -1.2131717362257346], [-0.0, -0.0, -0.0, -0.0, -0.0, -0.0, -0.0, -0.0, -0.0, -0.0, -0.0, -0.0], [-0.0, -0.0, -0.0, -0.0, -0.0, -0.0, -0.0, 0.0, 0.0, -0.0, 0.0, -0.0]]], "relativeM": [[[-1.0, 6.123233995736764e-17, -1.0605752387249069e-16, 0.0], [1.2246467991473532e-16, 0.4999999999999998, -0.8660254037844387, -1.2131717362257344], [0.0, -0.8660254037844387, -0.4999999999999998, -2.1012750854495206], [0.0, 0.0, 0.0, 1.0]]], "baseSlist": [[[0.0, 0.0, 0.0, 0.0, 0.0, 0.0], [0.0, -1.0, -1.0, 0.0, -1.0, 0.0], [1.0, 0.0, 0.0, 1.0, 0.0, 1.0], [0.0, 0.3, 0.75, -0.0035, 1.1, -0.1865], [0.0, -0.0, -0.0, -0.0, -0.0, -0.0], [0.0, -0.0, -0.0, 0.0, -0.0, 0.0]]], "baseM": [[[1.0, 0.0, 0.0, 0.0], [0.0, 1.0, 0.0, -0.1865], [0.0, 0.0, 1.0, 1.328], [0.0, 0.0, 0.0, 1.0]]], "relativeBlist": [[[0.0, -1.2246467991473532e-16, 0.0, -1.2246467991473532e-16, -1.2246467991473532e-16, 0.0, -1.0605752387249068e-16, 6.123233995736766e-17, 6.123233995736766e-17, -1.0605752387249068e-16, 6.123233995736766e-17, -1.0605752387249068e-16], [-0.8660254037844387, -0.4999999999999998, -0.8660254037844387, -0.4999999999999998, -0.4999999999999998, -0.8660254037844387, 2.220446049250313e-16, 0.9999999999999999, 0.9999999999999999, 2.220446049250313e-16, 0.9999999999999999, 2.220446049250313e-16], [-0.4999999999999998, 0.8660254037844387, -0.4999999999999998, 0.8660254037844387, 0.8660254037844387, -0.4999999999999998, 0.9999999999999999, -2.220446049250313e-16, -2.220446049250313e-16, 0.9999999999999999, -2.220446049250313e-16, 0.9999999999999999], [-1.2131717362257344, -1.8732750854495206, -1.3961717362257344, -1.5232750854495207, -1.0732750854495205, -1.3996717362257343, 0.1864999999999999, 1.028, 0.5780000000000001, 0.18300000000000027, 0.2280000000000002, 0.0], [7.42853441792441e-17, 1.1470501686591196e-16, 8.549086239144238e-17, 9.327369788083329e-17, 6.571914490001785e-17, 8.570517558129316e-17, -1.1419831402049034e-17, -6.294684547617391e-17, -3.539229249535848e-17, -1.1205518212198276e-17, -1.396097351027982e-17, 2.465190328815662e-32], [-1.2866599037619183e-16, -1.986749170948046e-16, -1.4807451724485762e-16, -1.6155478373943285e-16, -1.1382889799681204e-16, -1.4844571857841135e-16, 1.9779728202219472e-17, 1.0902713454092044e-16, 6.130124879829964e-17, 1.940852686866579e-17, 2.4181115442927922e-17, -2.465190328815662e-32]]],"Slist": [[0.0, 4.8965888601467475e-12, 4.8965888601467475e-12, 2.3976582465313225e-23, 9.793177720293495e-12, 7.1930093584727e-23], [0.0, -1.0, -1.0, -4.8965888601227706e-12, -1.0, -9.793177720245541e-12], [1.0, 2.3976582465313225e-23, 2.3976582465313225e-23, 1.0, -4.896588860098794e-12, 1.0], [-0.0, 0.2995, 0.7495, -0.0034999999950226205, 1.0995000000000172, -0.18649999998881622], [-0.0, 1.4665283636139508e-12, 3.6699933506799874e-12, 4.027444337495072e-12, 1.0767598903440245e-11, 3.6161308733035264e-12], [-0.0, 5.337281857559955e-13, 2.737193172822032e-12, 1.980465711625216e-23, 4.6199315895504464e-12, 4.8828374754675285e-23]], "Blist": [[2.3976928654100554e-23, -4.8965888601467475e-12, -4.8965888601467475e-12, 3.4618902214045736e-28, -1.1740516174705233e-34, 6.9237804428385345e-28], [9.793177720245541e-12, -1.0, -1.0, 4.8965888601227706e-12, -1.0, 0.0], [1.0, 9.793177720269518e-12, 9.793177720269518e-12, 1.0, 4.8965888601467475e-12, 1.0], [0.18650000000181666, -1.0279999999991043, -0.5779999999991041, 0.18300000000029382, -0.2280000000000002, 3.5413412302101557e-23], [-5.4425585180605675e-12, 5.03369334818734e-12, 2.830228361142882e-12, -1.380838058561384e-12, -4.0283652976134964e-24, -4.038963052882063e-28], [4.882824562617003e-23, -3.995616509902955e-12, -1.7921515228261296e-12, 6.761330479271026e-24, -8.226269285046539e-13, -1.2912850525166677e-28]], "Mlist": [[[1.0, 0.0, 0.0, 0.0], [0.0, 1.0, 0.0, 0.0], [0.0, 0.0, 1.0, 0.0775], [0.0, 0.0, 0.0, 1.0]], [[4.8965888601467475e-12, 1.0, 4.8965888601467475e-12, 0.0], [0.0, 4.8965888601467475e-12, -1.0, -0.109], [-1.0, 4.8965888601467475e-12, 2.3976582465313225e-23, 0.22199999999999998], [0.0, 0.0, 0.0, 1.0]], [[1.0, 0.0, 0.0, -0.45000000000000007], [0.0, 1.0, 1.1740346660404259e-34, 0.0], [0.0, 1.1740346660404259e-34, 1.0, -0.0305], [0.0, 0.0, 0.0, 1.0]], [[4.8965888601467475e-12, -4.8965888601467475e-12, -1.0, -0.2670000000000001], [1.0, 2.397658246519582e-23, 4.8965888601467475e-12, 8.077935669463161e-28], [0.0, -1.0, 4.8965888601467475e-12, -0.075], [0.0, 0.0, 0.0, 1.0]], [[4.8965888601467475e-12, 1.0, 4.8965888601467475e-12, 0.0], [0.0, 4.8965888601467475e-12, -1.0, -0.11399999999999999], [-1.0, 4.8965888601467475e-12, 2.3976928654100554e-23, 0.08299999999999996], [0.0, 0.0, 0.0, 1.0]], [[4.896588860146747e-12, -4.896588860146747e-12, -1.0, -0.16800000000000015], [1.0, 2.3976236276525892e-23, 4.896588860146748e-12, 6.058451752097371e-28], [-1.1740516174705233e-34, -1.0, 4.8965888601467475e-12, 0.06900000000000003], [0.0, 0.0, 0.0, 1.0]], [[1.0, 2.3481032349525446e-34, 6.9237804428385345e-28, -8.077935669463161e-28], [2.3481032349525446e-34, 1.0, 0.0, 0.0], [6.9237804428385345e-28, 0.0, 1.0, 0.06000000000000005], [0.0, 0.0, 0.0, 1.0]]], "Glist": [[[0.15418559, -2.35e-06, 1.739e-05, 0.0, 0.0, 0.0], [-2.35e-06, 0.12937017, -0.04854267, 0.0, 0.0, 0.0], [1.739e-05, -0.04854267, 0.05964415, 0.0, 0.0, 0.0], [0.0, 0.0, 0.0, 11.8030102, 0.0, 0.0], [0.0, 0.0, 0.0, 0.0, 11.8030102, 0.0], [0.0, 0.0, 0.0, 0.0, 0.0, 11.8030102]], [[0.2935698, -4e-07, 1.441e-05, 0.0, 0.0, 0.0], [-4e-07, 0.28094142, 0.03727972, 0.0, 0.0, 0.0], [1.441e-05, 0.03727972, 0.03620609, 0.0, 0.0, 0.0], [0.0, 0.0, 0.0, 7.99292141, 0.0, 0.0], [0.0, 0.0, 0.0, 0.0, 7.99292141, 0.0], [0.0, 0.0, 0.0, 0.0, 0.0, 7.99292141]], [[0.03424593, 1.49e-06, 7.24e-06, 0.0, 0.0, 0.0], [1.49e-06, 0.03406024, 0.00186009, 0.0, 0.0, 0.0], [7.24e-06, 0.00186009, 0.00450477, 0.0, 0.0, 0.0], [0.0, 0.0, 0.0, 2.99134127, 0.0, 0.0], [0.0, 0.0, 0.0, 0.0, 2.99134127, 0.0], [0.0, 0.0, 0.0, 0.0, 0.0, 2.99134127]], [[0.00670405, 3.75e-06, 1.5e-06, 0.0, 0.0, 0.0], [3.75e-06, 0.00279246, -0.00127967, 0.0, 0.0, 0.0], [1.5e-06, -0.00127967, 0.00619341, 0.0, 0.0, 0.0], [0.0, 0.0, 0.0, 2.12317035, 0.0, 0.0], [0.0, 0.0, 0.0, 0.0, 2.12317035, 0.0], [0.0, 0.0, 0.0, 0.0, 0.0, 2.12317035]], [[0.00994891, 1.4e-07, 3.21e-06, 0.0, 0.0, 0.0], [1.4e-07, 0.00978189, -0.00093546, 0.0, 0.0, 0.0], [3.21e-06, -0.00093546, 0.00271492, 0.0, 0.0, 0.0], [0.0, 0.0, 0.0, 2.28865091, 0.0, 0.0], [0.0, 0.0, 0.0, 0.0, 2.28865091, 0.0], [0.0, 0.0, 0.0, 0.0, 0.0, 2.28865091]], [[0.00043534, 1.3e-07, -2e-08, 0.0, 0.0, 0.0], [1.3e-07, 0.00044549, 5.1e-07, 0.0, 0.0, 0.0], [-2e-08, 5.1e-07, 0.00059634, 0.0, 0.0, 0.0], [0.0, 0.0, 0.0, 0.40083918, 0.0, 0.0], [0.0, 0.0, 0.0, 0.0, 0.40083918, 0.0], [0.0, 0.0, 0.0, 0.0, 0.0, 0.40083918]]], "M": [[1.0, -9.793177720293495e-12, 7.1930093584727e-23, -3.6161308732080396e-12], [9.793177720293495e-12, 1.0, -9.793177720245541e-12, -0.18650000000181666], [2.3976928654100554e-23, 9.793177720245541e-12, 1.0, 1.3274999999991042], [0.0, 0.0, 0.0, 1.0]]}
